Activity ID,Activity Date,Activity Name,Activity Type,Activity Description,Elapsed Time,Distance,Max Heart Rate,Relative Effort,Commute,Activity Private Note,Activity Gear,Filename,Elapsed Time,Moving Time,Distance,Max Speed,Average Speed,Elevation Gain,Elevation Loss,Elevation Low,Elevation High,Max Grade,Average Grade,Average Positive Grade,Average Negative Grade,Max Cadence,Average Cadence,Max Heart Rate,Average Heart Rate,Max Watts,Average Watts,Calories,Max Temperature,Average Temperature,Relative Effort,Total Work,Number of Runs,Uphill Time,Downhill Time,Other Time,Perceived Exertion,Type,Start Time,Weighted Average Power,Power Count,Prefer Perceived Exertion,Perceived Relative Effort,Commute,Total Weight Lifted,From Upload,Grade Adjusted Distance,Weather Observation Time,Weather Condition,Weather Temperature,Apparent Temperature,Dewpoint,Humidity,Weather Pressure,Wind Speed,Wind Gust,Wind Bearing,Precipitation Intensity,Sunrise Time,Sunset Time,Moon Phase,Bike,Gear,Precipitation Probability,Precipitation Type,Cloud Cover,Weather Visibility,UV Index,Weather Ozone,Jump Count,Total Grit,Average Flow,Flagged,Average Elapsed Speed,Dirt Distance,Newly Explored Distance,Newly Explored Dirt Distance,Activity Count,Total Steps,Carbon Saved,Pool Length,Training Load,Intensity,Average Grade Adjusted Pace,Timer Time,Total Cycles,Recovery,With Pet,Competition,Long Run,For a Cause,Media
14625386178,"May 28, 2025, 10:24:09 PM",walk w/ fig,Walk,I got strava so I can post pics of fig and so Alex can give me kudos,854,1.1,,,FALSE,,,activities/14625386178.gpx,854,806,1104.1,4.9,1.37,11,7.2,4.4,15.5,30,0.3,,,,,,,,,,,,,,,,,,,,,,,0,,0,,1,,,,,,,,,,,,,,,,,,,,,,,,,,,0,1.293,624.3,,,,1346,,,,,,,,,,,,,media/8BB5AF2C-F6EE-47D8-A793-572FA53D2779.jpg|media/B283E980-F1C4-4E91-90FE-C8E732FABFE0.jpg|media/FC5CDEE7-B6ED-4827-9921-B9FF05BCA618.jpg|media/D83BC0B7-EF05-492E-A1AD-4CA589F5EFFC.jpg|media/830D34B1-B3A4-4354-86A1-1471BE1B0B5A.jpg|media/E5E470D8-00E7-40CC-851B-101BACFC0225.jpg
14635067285,"May 29, 2025, 7:12:43 PM",Afternoon Walk,Walk,"another day another walk with fig, but this time we ventured onto campus to see all our friends ü§ì might have been fig‚Äôs first time on campus who knows",4312,3.19,,,FALSE,,,activities/14635067285.gpx,4312,2555,3192.3,10.94,1.249,6.7,4.7,13.4,16,3.9,0,,,,,,,,,,,,,,,,,,,,,,,0,,0,,1,,,,,,,,,,,,,,,,,,,,,,,,,,,0,0.74,0,,,,3688,,,,,,,,,,,,,media/C43BA4EE-4E54-48F4-9A68-647136BB7311.jpg|media/379170C3-F577-4854-91C4-F24F68F8E35A.jpg|media/750BBDDE-FDBE-433B-9054-004ABD9CCDB1.jpg|media/58C8186E-B2B0-4227-8E36-CDD7BBB2E0F2.jpg|media/3C70B1F2-9DF7-4A46-9CCF-FC445DC1EDBF.jpg
14655161113,"May 31, 2025, 5:48:59 PM",Lunch Walk,Walk,walk with poppy,3179,3.04,,,FALSE,,,activities/14655161113.gpx,3179,2726,3048.4,3.36,1.118,8.7,9.5,11.6,17.1,3.3,0,,,,,,,,,,,,,,,,,,,,,,,,,0,,1,,,,,,,,,,,,,,,,,,,,,,,,,,,0,0.959,392.5,,,,4624,,,,,,,,,,,,,media/72B42682-765D-4191-BD10-DDECA93ADCC5.jpg|media/0BCDF5DC-8EAF-46D3-8CE7-F0B8F3A7EF32.jpg|media/6984114C-6216-4620-9AC7-780627D72C03.jpg
14689726446,"Jun 4, 2025, 2:16:09 AM",Evening Walk,Walk,tracked my walk from campus to see how far it is,722,1.02,,,FALSE,,,activities/14689726446.gpx,722,722,1024.8,3.54,1.419,0,3.6,12.8,16.6,4.1,-0.4,,,,,,,,,,,,,,,,,,,,,,,,,0,,1,,,,,,,,,,,,,,,,,,,,,,,,,,,0,1.419,0,,,,1332,,,,,,,,,,,,,
14698974481,"Jun 4, 2025, 10:02:14 PM",Afternoon Walk,Walk,,1682,2.24,,,FALSE,,,activities/14698974481.gpx,1682,1682,2246,2.34,1.335,10.5,10.1,18.4,24.9,5.1,0,,,,,,,,,,,,,,,,,,,,,,,,,0,,1,,,,,,,,,,,,,,,,,,,,,,,,,,,0,1.335,1992.8,,,,2982,,,,,,,,,,,,,
14740237339,"Jun 9, 2025, 2:37:32 AM",Evening Walk,Walk,,4225,2.59,,,FALSE,,,activities/14740237339.gpx,4225,2036,2591.6,9.027,1.273,15.4,13.1,3.9,17.1,49.2,0.1,,,,,,,,,,,,,,,,,,,,,,,0,,0,,1,,1749434368,1,21.8,22.5,15.2,0.66,1011.7,2.3,3.4,258,0,1749386752,1749438592,0.375,,,0,1,0.28,23200,0,,,,,0,0.613,541,,,,3156,,,,,,,,,,,,,media/05FACD44-259A-4512-90F2-07FABFA7CE71.jpg|media/2C3A1062-F9D9-4FA6-B266-40134D646C12.jpg|media/1172ACF8-14D0-4E58-A05C-63688364311D.jpg|media/06068D97-3125-4086-B884-762B17B051BF.jpg
14756779301,"Jun 10, 2025, 4:53:55 PM",Morning Run,Run,,1210,3.23,,,FALSE,,HOKA Clifton 7,activities/14756779301.gpx,1210,1190,3233.2,3.7,2.717,8.3,8.4,3.4,12.4,3,0,,,,,,,,,,,,,,,,,,,,,,,0,,0,,1,3238.4,1749571200,2,17.2,18.7,15.4,0.89,1013.9,1.5,2.7,116,0,1749559552,1749611520,0.375,,24504022,0,1,0.5,13626,3,,,,,0,2.672,172.5,,,,3026,,,,,2.721,,,,,,,,
14758755229,"Jun 10, 2025, 6:44:38 PM",Lunch Walk,Walk,,3185,3.45,,,FALSE,,,activities/14758755229.gpx,3185,3120,3451.8,2.22,1.106,11.9,12,17.2,24.9,8.5,0,,,,,,,,,,,,,,,,,,,,,,,0,,0,,1,,1749578368,2,18,19.4,15.9,0.88,1013.6,1.6,2.6,177,0,1749559552,1749611520,0.375,,,0,1,0.48,14383,6,,,,,0,1.084,3370.2,,,,5304,,,,,,,,,,,,,
14834736675,"Jun 18, 2025, 2:46:34 AM",Evening Run,Run,,2600,5.1,,,FALSE,,HOKA Clifton 7,#error#,2600,2072,5105.1,5.68,2.464,64,63.6,-7.5,25.5,47.2,0,,,,,,,,,,,,,,,,,,,,,,,0,,0,,1,5462.2,1750211968,1,26.5,26.5,12.5,0.42,1007.3,3.6,6.6,285,0,1750164480,1750216448,0.625,,24504022,0,1,0.1,42238,0,,,,,0,1.964,3793.4,,,,,0,,,,2.636,,,,,,,,
14853609966,"Jun 19, 2025, 7:34:11 PM",Afternoon Run,Run,Juneteenth run so slow,1548,3.22,,,FALSE,,HOKA Clifton 7,activities/14853609966.gpx,1548,1475,3219.5,3.4,2.183,25.5,29.1,3.5,15.5,20.3,-0.1,,,,,,,,,,,,,,,,,,,,,,,0,,0,,1,3309.6,1750359552,2,18.7,18.6,14.4,0.76,1010.9,3,3.9,225,0,1750337280,1750389248,0.875,,24504022,0,1,0.38,14839,7,,,,,0,2.08,2363.1,,,,3310,,,,,,,,,,,,,media/9A5246DF-8103-4D2A-8128-2AE33526E30D.jpg|media/6AFB250D-D7FF-46A1-AF9C-987FB77D0B1A.jpg|media/3ED1ACAC-39BE-4AA1-B525-805F80C68698.jpg|media/1DDCA92D-3559-4AB7-A2A5-B9FEA661A9B5.mp4|media/036024FC-0180-4CC2-BED5-D819BF7EE864.jpg
14853843775,"Jun 19, 2025, 8:00:28 PM",Afternoon Walk,Walk,cool down walk,1681,1.18,,,FALSE,,,activities/14853843775.gpx,1681,1060,1182.4,2.2,1.115,4.4,0,11,15.5,3.2,0.3,,,,,,,,,,,,,,,,,,,,,,,,,0,,1,,1750363136,1,19.7,19.3,14.7,0.73,1010.8,3.4,4.3,234,0,1750337280,1750389248,0.875,,,0,1,0.32,16448,8,,,,,0,0.703,162.9,,,,1632,,,,,,,,,,,,,
14865138272,"Jun 21, 2025, 12:35:45 AM",Evening Walk,Walk,,2956,3.8,,,FALSE,,,activities/14865138272.gpx,2956,2938,3807.9,7.317,1.296,34.7,33.3,3.9,17.1,26.8,0,,,,,,,,,,,,,,,,,,,,,,,,,0,,1,,1750464000,1,22,22.4,12.6,0.55,1008.6,3.8,4.8,245,0,1750423680,1750475648,0.875,,,0,1,0.09,27451,3,,,,,0,1.288,1718.3,,,,5364,,,,,,,,,,,,,
14865502529,"Jun 21, 2025, 2:17:16 AM",Evening Run,Run,proud of this,1911,4.85,,,FALSE,,HOKA Clifton 7,activities/14865502529.gpx,1911,1902,4851.6,3.97,2.551,25.7,29.7,18.3,24.9,5,-0.1,,,,,,,,,,,,,,,,,,,,,,,0,,0,,1,4869.2,1750471168,1,20.1,20.1,12.6,0.62,1008.1,2.8,6,260,0,1750423680,1750475648,0.875,,24504022,0,1,0.29,27606,0,,,,,0,2.539,3277.8,,,,4714,,,,,2.56,,,,,,,,media/A09D17C2-B946-4FBD-B438-9820A98AD190.jpg|media/2E88872B-641D-43A4-9E59-928EED00BB9D.jpg|media/531791DD-DE28-4FCB-B5F2-636FF61CEDB8.jpg
14894041455,"Jun 23, 2025, 7:32:50 PM",Lunch Walk,Walk,lunch break,1330,1.6,,,FALSE,,,activities/14894041455.gpx,1330,1330,1608.8,3.34,1.21,4.4,4.4,8,12.7,5.7,0,,,,,,,,,,,,,,,,,,,,,,,0,,0,,1,,1750705152,2,20.5,19.1,14.6,0.69,1014.5,4.2,6,210,0,1750682496,1750734080,0.875,,,0,1,0.55,20633,8,,,,,0,1.21,0,,,,2208,,,,,,,,,,,,,media/E9109BD9-9947-4E9D-82E6-2B4F37AAB665.jpg
14896465389,"Jun 24, 2025, 2:14:44 AM",Evening Run,Run,Renee yelling at me is my motivation in life,1359,3.23,,,FALSE,,HOKA Clifton 7,activities/14896465389.gpx,1359,1346,3237.4,5.3,2.405,5.7,6.6,8.1,14.2,6.5,0,,,,,,,,,,,,,,,,,,,,,,,0,,0,,1,3250.8,1750730368,2,18.2,17.8,12.8,0.71,1013.3,2.8,4.2,212,0,1750682496,1750734208,0.875,,24504022,0,1,0.4,20579,0,,,,,0,2.382,0,,,,2866,,,,,2.415,,,,,,,,media/D3CD3BD0-19B3-4D7C-9898-5F623DDB9528.jpg|media/76035434-3802-4EE4-9A71-81F56B32C3E5.jpg|media/CF032AA4-7E2F-4C9C-8B87-0827B8C7EEEC.mp4|media/8097F5A3-39F1-4722-8E39-CEC47F2BF35F.jpg|media/41655DDC-D509-43C9-A5E2-02064E5F4A14.jpg|media/6A804CA8-A76F-4D84-AC09-C5B3F35A6ED0.jpg
14904224489,"Jun 24, 2025, 6:30:35 PM",Lunch Walk,Walk,I saw 3 cats on my walk today and I think that was the best part of my day,1840,1.66,,,FALSE,,,activities/14904224489.gpx,1840,1430,1663,2.433,1.163,4.4,4.4,8,12.7,4.2,0,,,,,,,,,,,,,,,,,,,,,,,,,0,,1,,1750787968,2,19.7,19.3,13.4,0.67,1016.2,3.2,4.3,234,0,1750768896,1750820608,0.875,,,0,1,0.46,22127,5,,,,,0,0.904,0,,,,2050,,,,,,,,,,,,,media/BB1E00A7-0ED7-44CC-B00B-D84CAC5BA8D6.jpg|media/AA6A3DDD-4A88-44F7-9FA0-117A9E355D8E.jpg|media/8302BE1D-EFA3-468E-864F-4393BF0A1288.jpg|media/F61556AF-EEFA-42D1-B817-ABC954CBE19A.jpg|media/A8F3D0F2-BBEC-4C27-A949-ED28664C28E0.jpg
14915185737,"Jun 25, 2025, 7:10:03 PM",Lunch Walk,Walk,,1365,0.92,,,FALSE,,,activities/14915185737.gpx,1365,780,927.8,2.1,1.189,2.8,2.8,9.4,12.7,44.6,0.1,,,,,,,,,,,,,,,,,,,,,,,,,0,,1,,1750877952,1,21.6,21.2,15.2,0.67,1015,4,5.5,255,0,1750855296,1750907008,0,,,0,1,0.28,19344,8,,,,,0,0.68,0,,,,1292,,,,,,,,,,,,,
14958227054,"Jun 30, 2025, 12:45:44 AM",Evening Run,Run,,1871,4.84,,,FALSE,,HOKA Clifton 7,activities/14958227054.gpx,1871,1855,4842.9,3.38,2.611,23.4,18.1,3.9,15.4,17.4,0.1,,,,,,,,,,,,,,,,,,,,,,,0,,0,,1,4896.8,1751241600,1,23.7,24.9,15.8,0.61,1012,3.5,4.9,267,0,1751201024,1751252480,0.125,,24504022,0,1,0,23470,3,,,,,0,2.588,0,,,,4568,,,,,2.64,,,,,,,,
14958375321,"Jun 30, 2025, 1:17:15 AM",Evening Walk,Walk,,2302,2.81,,,FALSE,,,activities/14958375321.gpx,2302,2302,2817.1,2.18,1.224,22,18,6.1,19.7,37,0.1,,,,,,,,,,,,,,,,,,,,,,,,,0,,1,,1751245184,1,22.5,23.6,15.6,0.65,1011.4,3.3,4.6,269,0,1751201024,1751252480,0.125,,,0,1,0.04,22548,1,,,,,0,1.224,0,,,,3556,,,,,,,,,,,,,
15018246597,"Jul 5, 2025, 5:45:56 PM",Lunch Walk,Walk,,3047,3.85,,,FALSE,,HOKA Speedgoat 6,activities/15018246597.gpx,3047,3047,3855.7,2.18,1.265,39.1,37.6,3.9,17.1,28.1,0.1,,,,,,,,,,,,,,,,,,,,,,,0,,0,,1,,1751734784,2,20,21,16.3,0.79,1017.8,2.1,3,168,0,1751719936,1751771776,0.375,,24504008,0,1,0.47,17247,5,,,,,0,1.265,2427.2,,,,5298,,,,,,,,,,,,,
15020142508,"Jul 6, 2025, 12:21:34 AM",Evening Walk,Walk,,2337,2.29,,,FALSE,,,activities/15020142508.gpx,2337,2190,2291.9,2.86,1.047,38.1,38.3,20.4,56.5,14.7,0,,,,,,,,,,,,,,,,,,,,,,,,,0,,1,,1751760000,1,24.5,26.3,15.2,0.56,1015.5,2.5,3.7,215,0,1751719936,1751771648,0.375,,,0,1,0.04,27721,4,,,,,0,0.981,2082.7,,,,3360,,,,,,,,,,,,,
15030684096,"Jul 7, 2025, 12:08:21 AM",Afternoon Run,Run,,1380,3.23,,,FALSE,,HOKA Speedgoat 6,#error#,1380,1374,3237.1,3.713,2.356,27.4,26.2,3.4,19,12.5,0,,,,,,,,,,,,,,,,,,,,,,,0,,0,,1,3296.3,,,,,,,,,,,,,,,,24504008,,,,,,,,,,0,2.346,1550.9,,,,,0,,,,2.399,,,,,,,,
15052786044,"Jul 9, 2025, 1:18:20 AM",Evening Walk,Walk,,6633,9.8,,,FALSE,,,activities/15052786044.gpx,6633,6602,9808,4,1.486,21.7,21.5,3.1,23.1,12.7,0,,,,,,,,,,,,,,,,,,,,,,,0,,0,,1,,,,,,,,,,,,,,,,,,,,,,,,,,,0,1.479,53.6,,,,12854,,,,,,,,,,,,,media/1E675FBC-0B6B-4A8F-9B79-7B0EECCDE918.jpg|media/628FF45F-CC8D-4DA0-BD03-79DC3480EECF.jpg
15064298697,"Jul 10, 2025, 2:13:48 AM",Evening Walk,Walk,I‚Äôm actually convinced I live in the most beautiful place,3998,5.11,,,FALSE,,HOKA Speedgoat 6,activities/15064298697.gpx,3998,3969,5111.6,4.96,1.288,32.5,28.4,3.7,17.1,26.8,0,,,,,,,,,,,,,,,,,,,,,,,,,0,,1,,,,,,,,,,,,,,,,,24504008,,,,,,,,,,0,1.279,1936.7,,,,6656,,,,,,,,,,,,,media/405D879D-2C98-4111-B775-052522B0E767.jpg|media/6FC08533-2FCA-4D6E-B91A-4F54136D0688.mp4|media/142C78CA-FD9A-40E1-840E-B02ED0804B8B.jpg|media/E3F866AB-3ABA-4CAF-8042-E6AB6C4DEC27.jpg|media/C4322503-0AF8-44D7-BD4C-6D4899F7DC49.jpg|media/38646F06-645A-4A9F-867D-FA5FF5C5C67D.jpg|media/30D66A8F-8500-47A1-A4B5-A44C4F124C62.jpg
15074999858,"Jul 11, 2025, 2:57:01 AM",Evening Run,Run,run w/ Sophia,2048,5.48,,,FALSE,,HOKA Speedgoat 6,activities/15074999858.gpx,2048,2032,5485.2,5.38,2.699,17.4,17.4,3.2,13.7,5.2,0,,,,,,,,,,,,,,,,,,,,,,,0,,0,,1,5507.6,,,,,,,,,,,,,,,,24504008,,,,,,,,,,0,2.678,2837.6,,,,5392,,,,,2.71,,,,,,,,media/806BB0EE-A7AD-4F71-99F7-470458AC9DD5.jpg|media/46C9B171-F07E-4056-9E5A-F09480981804.jpg
15116628865,"Jul 15, 2025, 12:37:04 AM",Afternoon Run,Run,,722,1.63,,,FALSE,,,activities/15116628865.gpx,722,711,1634.5,3.27,2.299,10.2,0,25,36.1,7.1,0.7,,,,,,,,,,,,,,,,,,,,,,,0,,0,,1,1665.4,,,,,,,,,,,,,,,,,,,,,,,,,,0,2.264,1634.5,,,,1850,,,,,2.342,,,,,,,,media/E8BCE366-7D82-4D34-ACD8-651A3C646B5B.jpg
15117087077,"Jul 15, 2025, 1:00:23 AM",Evening Walk,Walk,,2043,2.16,,,FALSE,,,activities/15117087077.gpx,2043,1965,2165.9,1.98,1.102,0,26.4,11,37.8,3.5,-1.2,,,,,,,,,,,,,,,,,,,,,,,0,,0,,1,,,,,,,,,,,,,,,,,,,,,,,,,,,0,1.06,2165.9,,,,3100,,,,,,,,,,,,,media/054AFCE7-A4B8-41AF-B408-795644D618C8.jpg|media/BC0D2E91-5895-415F-A3BE-D84F1D39368D.jpg|media/ABC2093A-4D29-4BBC-9A71-74449FFEAF53.jpg|media/06BFD324-9B9A-48CE-B41A-2E193841B557.jpg|media/E70C23C4-E636-4EF7-BBFA-A8EF0A3A4D28.jpg
15128708278,"Jul 16, 2025, 12:59:51 AM",Evening Run,Run,,3289,8.41,,,FALSE,,HOKA Speedgoat 6,activities/15128708278.gpx,3289,3221,8410.5,5.28,2.611,60,74.9,-72.3,22,42.5,0,,,,,,,,,,,,,,,,,,,,,,,,,0,,1,8527,,,,,,,,,,,,,,,,24504008,,,,,,,,,,0,2.557,2477.5,,,,8162,,,,,2.647,,,,,,,,media/F1FAD981-B9B5-4AE7-BEDA-4018C0CFD9EE.jpg|media/E686BEAC-327A-4222-A279-B88D9DF4D692.jpg
15168799904,"Jul 19, 2025, 6:21:02 PM",Lunch Run,Run,this killed me,1121,3.23,,,FALSE,,,activities/15168799904.gpx,1121,1109,3229.7,4.18,2.912,8.8,8.7,3.4,12.4,3.5,0,,,,,,,,,,,,,,,,,,,,,,,0,,0,,1,3236.2,,,,,,,,,,,,,,,,,,,,,,,,,,0,2.881,683.6,,,,2886,0,,,,2.918,,,,,,,,media/5332C16F-12EC-4B2B-9A25-3998C3A98CB4.jpg
15180967087,"Jul 20, 2025, 7:46:44 PM",Afternoon Walk,Walk,,2845,3.6,,,FALSE,,,activities/15180967087.gpx,2845,2845,3605.9,2.42,1.267,29.8,30.1,4.8,23.9,26.1,0,,,,,,,,,,,,,,,,,,,,,,,,,0,,1,,,,,,,,,,,,,,,,,,,,,,,,,,,0,1.267,3249,,,,5316,0,,,,,,,,,,,,
15216707270,"Jul 24, 2025, 2:38:18 AM",Evening Walk,Walk,this walk felt like the first time I had left the house in weeks,2699,3.06,,,FALSE,,,activities/15216707270.gpx,2699,2550,3059.9,7.16,1.2,11.5,11.3,9.2,17.1,9.1,0,,,,,,,,,,,,,,,,,,,,,,,,,0,,1,,,,,,,,,,,,,,,,,,,,,,,,,,,,1.134,1239.7,,,,4254,0,,,,,,,,,,,,media/CDB5E083-7627-4054-B930-4913377D46E0.mp4|media/2451129C-13D7-4E79-BA08-F805C5302FE2.jpg|media/E335298C-DB60-43B3-A8D0-D90E10A6A26F.jpg|media/4257F316-7EC9-40BC-8B43-C14983D3EC1F.jpg|media/F351C0AA-E5AD-405C-B94C-8EDA547144D7.jpg|media/8DA0EFD6-3275-494C-9073-879DA89295EF.mp4
15247054406,"Jul 26, 2025, 10:41:16 PM",Afternoon Walk,Walk,,1668,1.19,,,FALSE,,,#error#,1668,976,1194.6,2.44,1.224,42.6,48.5,206.4,255.5,26.4,-0.3,,,,,,,,,,,,,,,,,,,,,,,,,0,,1,3355,,,,,,,,,,,,,,,,,,,,,,,,,,,0.716,281.1,,,,,0,,,,1.723,,,,,,,,
15247055037,"Jul 26, 2025, 9:27:04 PM",Afternoon Walk,Walk,,2306,0.96,,,FALSE,,,#error#,2306,728,964,2.8,1.324,0,30.7,6.7,29.3,4.1,-2.1,,,,,,,,,,,,,,,,,,,,,,,,,0,,1,948.5,,,,,,,,,,,,,,,,,,,,,,,,,,,0.418,6.3,,,,,0,,,,1.195,,,,,,,,
15281416154,"Jul 30, 2025, 12:49:16 AM",Evening Run,Run,,1921,4.57,,,FALSE,,,activities/15281416154.gpx,1921,1912,4569.7,4.2,2.39,33.4,32.3,3.7,17.1,30,0,,,,,,,,,,,,,,,,,,,,,,,,,0,,1,4660.6,,,,,,,,,,,,,,,,,,,,,,,,,,,2.379,2272.7,,,,5062,0,,,,2.438,,,,,,,,
15303949935,"Aug 1, 2025, 12:54:56 AM",Evening Walk,Walk,I was not prepared for how hot this walk would be,3483,4.21,,,FALSE,,,activities/15303949935.gpx,3483,3483,4214.3,8.06,1.21,26.3,26.2,3.8,17.1,17.1,0,,,,,,,,,,,,,,,,,,,,,,,,,0,,1,,,,,,,,,,,,,,,,,,,,,,,,,,,,1.21,1805.3,,,,6072,0,,,,,,,,,,,,media/F5ED7923-3D71-469F-AF96-F3E2CA5107C6.jpg
15325290145,"Aug 3, 2025, 1:24:37 AM",Evening Walk,Walk,w/ [strava://athletes/124006850/8]Morgan F post nap,2535,2.92,,,FALSE,,,activities/15325290145.gpx,2535,2480,2926.7,2.9,1.18,10.4,9.7,9.5,17.1,10.1,0,,,,,,,,,,,,,,,,,,,,,,,,,0,,1,,,,,,,,,,,,,,,,,,,,,,,,,,,,1.155,1031.9,,,,4228,0,,,,,,,,,,,,media/47D96661-5ABD-479A-AFBE-88A0C58FDEDD.jpg
15393556038,"Aug 8, 2025, 6:36:57 PM",Disney Walk,Walk,on a walk to find a pickle,3001,1.54,,,FALSE,,,activities/15393556038.gpx,3001,1465,1546.7,2.3,1.056,4.6,0,37.3,42.3,48.7,0.2,,,,,,,,,,,,,,,,,,,,,,,,,0,,1,,,,,,,,,,,,,,,,,,,,,,,,,,,,0.515,166.6,,,,3172,0,,,,,,,,,,,,media/0D2F3E33-A2B3-4B3B-896B-E4E2DAEFCA8B.jpg|media/DA60F16F-1142-46FB-AE42-A59150491199.jpg|media/7BA642B5-3069-48F9-8022-F11B6D4E9E6A.jpg|media/318C0B22-5251-4E76-9E94-2C79BD48DA37.jpg|media/2A6A50B7-005B-4EF9-B615-1493F9ADCB31.jpg
15402409091,"Aug 9, 2025, 3:24:14 PM",Morning Run,Run,run to Whole Foods üòù,1191,2.82,,,FALSE,,,#error#,1191,1174,2828.6,4.5,2.409,12.8,0,9,21.8,5.2,0.4,,,,,,,,,,,,,,,,,,,,,,,,,0,,1,2871.4,,,,,,,,,,,,,,,,,,,,,,,,,,,2.375,0,,,,,0,,,,2.446,,,,,,,,
15402419952,"Aug 9, 2025, 3:44:09 PM",Morning Walk,Walk,,4828,4.36,,,,,,#error#,4828,3605,4364.5,3.393,1.211,31.8,40.6,4.6,26.4,35.3,-0.2,,,,,,,,,,,,,,,,,,,,,,,,,0,,1,,,,,,,,,,,,,,,,,,,,,,,,,,,,0.904,0,,,,,0,,,,,,,,,,,,
15413105166,"Aug 10, 2025, 4:08:12 PM",Morning Run,Run,,2729,5.69,,,FALSE,,,activities/15413105166.gpx,2729,2612,5693,3.74,2.18,62.6,50.9,2.9,22.9,48,0.2,,,,,,,,,,,,,,,,,,,,,,,,,0,,1,5844.4,,,,,,,,,,,,,,,,,,,,,,,,,,,2.086,642.8,,,,6486,0,,,,2.238,,,,,,,,media/0D360E6E-EB3F-49CC-931E-C99DC9CD3F2D.jpg|media/09F6A17C-A2A5-4329-A632-8202F6495357.jpg|media/948287D4-2A0D-45F4-8C0C-B5345D0330F6.jpg|media/D262559C-DFB1-4E9A-813C-2210344CB026.jpg|media/9A6EA610-EC46-425E-920A-66DBFEAAA924.jpg|media/1727A49E-DF3C-4F89-AC9D-0E4A387087F2.jpg|media/C6CD37A7-D88C-4AB9-86F7-5059F00E6B1C.mp4
15413420170,"Aug 10, 2025, 5:00:46 PM",Morning Walk,Walk,,1278,1.61,,,FALSE,,,activities/15413420170.gpx,1278,1215,1618.4,2.4,1.332,9.4,19.9,2.9,15,9.6,-0.5,,,,,,,,,,,,,,,,,,,,,,,,,0,,1,,,,,,,,,,,,,,,,,,,,,,,,,,,,1.266,0,,,,2200,0,,,,,,,,,,,,media/4FD10CCD-0E2C-4D22-AAA6-7C935970F5CE.jpg|media/D29B87E1-D924-453A-8F80-6800047EAB6D.jpg
15485025966,"Aug 17, 2025, 1:10:11 AM",Evening Walk,Walk,Lake Tahoe with my hoe,7824,3.53,,,FALSE,,,activities/15485025966.gpx,7824,3284,3535.2,4.22,1.076,104.4,104.1,1903.7,1965.1,48.6,0,,,,,,,,,,,,,,,,,,,,,,,,,0,,1,,,,,,,,,,,,,,,,,,,,,,,,,,,,0.452,3461.1,,,,5038,0,,,,,,,,,,,,media/6E89C01B-138A-4CF7-A273-899DD040FA8D.jpg|media/DD69A112-EB10-477E-B3EA-AE170AE45598.jpg|media/1915453C-8AA0-43A3-A48C-E3558F5D02DD.jpg|media/35D44DEF-E63C-466F-8F3B-8694FC6E4A16.mp4|media/0D8A58B8-C98C-4494-B03D-CD58EE4D55A3.jpg|media/6AB989DA-60E8-4FB6-AAA9-6DCFED271307.jpg|media/2E80F99F-0543-4E57-BC8F-ED5BA980BC57.jpg|media/25610CA5-27EA-4F77-8BFC-CDBD795ADE2E.jpg
15497998986,"Aug 17, 2025, 9:39:12 PM",Afternoon Hike,Hike,belayed Alex on one climb then we left bc I was too scared to lead ü•∏,5030,1.4,,,FALSE,,,#error#,5030,1461,1404.5,2.5,0.961,116.6,121.5,1916.9,2025.6,50,-0.1,,,,,,,,,,,,,,,,,,,,,,,,,0,,1,,,,,,,,,,,,,,,,,,,,,,,,,,,,0.279,0,,,,,0,,,,,,,,,,,,media/801CBC4D-C37B-4DEF-93D0-88BBCB637FE4.jpg|media/371D4449-4549-41BF-9FD8-38797C245736.mp4|media/C830B32E-C3D1-4E5B-AF26-FC4168A6B87A.jpg|media/80AF9791-E80B-44B6-B00E-92B5ED588254.jpg
15519314408,"Aug 20, 2025, 12:26:06 AM",Afternoon Run,Run,,1953,4.83,,,FALSE,,,activities/15519314408.gpx,1953,1909,4830.8,7,2.531,24,23.8,3.4,13.7,8.1,0,,,,,,,,,,,,,,,,,,,,,,,,,0,,1,4856.6,,,,,,,,,,,,,,,,,,,,,,,,,,,2.474,1070.2,,,,5036,0,,,,2.544,,,0,,,,,media/1F1F4754-A5DC-4058-A441-985CC42CA6FB.jpg|media/2BA0F21B-96E0-426E-B5F0-313C2A680DF2.jpg
15542012239,"Aug 22, 2025, 12:34:55 AM",Afternoon Run,Run,run w/ Abby girl,1064,2.63,,,FALSE,,,activities/15542012239.gpx,1064,1038,2632.9,5.64,2.537,6.5,8.7,9.9,17.1,5.8,0,,,,,,,,,,,,,,,,,,,,,,,,,0,,1,2639.8,,,,,,,,,,,,,,,,,,,,,,,,,,,2.475,1009.4,,,,2820,0,,,,2.543,,,0,,,,,media/0A3581B3-A595-4A38-8AB2-5A90ED302D76.jpg
15587193455,"Aug 26, 2025, 12:25:47 AM",Evening Walk,Walk,,2529,3.33,,,FALSE,,,activities/15587193455.gpx,2529,2513,3332.3,2.84,1.326,3,3.8,8.5,12.5,2.9,0,,,,,,,,,,,,,,,,,,,,,,,,,0,,1,,,,,,,,,,,,,,,,,,,,,,,,,,,,1.318,2221.4,,,,4764,0,,,,,,,,,,,,
15622291469,"Aug 29, 2025, 1:21:23 AM",Evening Run,Run,run then ocean dip,1986,5.05,,,FALSE,,HOKA Speedgoat 6,activities/15622291469.gpx,1986,1982,5051.5,4.82,2.549,70.8,71.6,7.4,37.1,12.8,0,,,,,,,,,,,,,,,,,,,,,,,,,0,,1,5189.8,,,,,,,,,,,,,,,,24504008,,,,,,,,,,,2.544,2281.5,,,,5046,0,,,,2.618,,,0,,,,,media/D466F7B2-7F14-4EE0-83D7-925054DB4568.jpg|media/7C3EA8FA-FC2C-43E7-836E-5937A62FADD8.jpg|media/0B16D90F-BB9C-4EDA-A414-E80A56944404.jpg|media/7FD97CA7-3342-4F12-9295-040EE4779E13.jpg
15642242844,"Aug 30, 2025, 8:39:22 PM",Afternoon Walk,Walk,everyone and their mom was at the beach so I had to park far but then I got to walk on this beautiful path,7094,1.72,,,FALSE,,,activities/15642242844.gpx,7094,1323,1724.8,2.4,1.304,21.5,20.5,1.5,23,19.7,0,,,,,,,,,,,,,,,,,,,,,,,,,0,,1,,,,,,,,,,,,,,,,,,,,,,,,,,,,0.243,451.9,,,,2292,0,,,,,,,,,,,,media/3B23A22A-36FC-456B-A96E-D3587280B19A.jpg|media/88221CB6-9A22-4E36-90A5-FE3DF5DA2CF8.jpg|media/A528D064-1BED-4CC4-83F6-154E3B30C4FC.jpg|media/DB841E9C-EE81-4857-B682-C2A56750ED62.jpg
15643403317,"Aug 31, 2025, 12:55:12 AM",Evening Run,Run,almost turned around when an old man said I had a nice tan but we persisted (pics in reverse order üòõ),4853,11.3,,,FALSE,,HOKA Speedgoat 6,activities/15643403317.gpx,4853,4821,11306,3.7,2.345,64.2,63.5,1.9,17.1,14.7,0,,,,,,,,,,,,,,,,,,,,,,,,,0,,1,11427.4,,,,,,,,,,,,,,,,24504008,,,,,,,,,,,2.33,2355.3,,,,11820,0,,,,2.37,,,,,,,,media/AE4AAB09-DAD0-4334-B678-5A235B5DADFD.jpg|media/AACDF393-7C8C-4E4D-B64D-EE192660CED3.jpg|media/737AD258-D29D-4749-B874-D3CD69668BCF.jpg|media/4555A8C6-196A-463A-BE01-B344E95C1E1B.jpg|media/61B77657-82FE-4D3C-888D-8D5DFE5C3006.jpg|media/139ED1AD-F25F-4AEE-9F3F-5BEA90859BB1.jpg|media/E8D28375-66F0-4B5F-955D-CB26100992F6.jpg|media/B516FC0D-A691-4FB3-9029-424AF9B68FAB.jpg|media/79311966-D404-4066-8BF4-3D2A889C5F22.jpg|media/CDE50C9E-FED2-4393-BC57-BAA497EF7271.jpg
15722835176,"Sep 6, 2025, 11:35:20 PM",Afternoon Walk,Walk,w [strava://athletes/124006850/8]Morgan F,2727,3.13,,,FALSE,,,activities/15722835176.gpx,2727,2585,3130.6,2.48,1.211,95.2,123.1,-288.6,27.3,48.9,0,,,,,,,,,,,,,,,,,,,,,,,,,0,,1,,,,,,,,,,,,,,,,,,,,,,,,,,,,1.148,2123.6,,,,4198,0,,,,,,,0,,,,,media/113A7205-901D-4E22-B405-850D1386CDAF.jpg|media/2EFA1DE8-4DC8-4424-8DC1-CA274B80DBB3.jpg|media/46261287-B8A3-4DDA-B157-48B5CC2CBC0F.mp4|media/A7E303C3-C3BB-41F1-BF48-97A78940D9ED.jpg|media/33756A79-5459-437B-86A2-83159F95A0AC.jpg|media/8DFE572B-8F67-4C6F-8AF6-1E823DD81C2A.jpg|media/95B6BD83-8E82-4A14-8FE7-5F58B6AF9F67.jpg
15735624522,"Sep 7, 2025, 5:53:30 PM",Afternoon Run,Run,"[strava://athletes/57253636/13]Alex Calderon ran a freaking marathon, he‚Äôs so cool. shoutout to [strava://athletes/124006850/8]Morgan F for being my marathon watch buddy",279,0.74,,,FALSE,,HOKA Clifton 7,activities/15735624522.gpx,279,272,744.9,4.125,2.739,0,0,4.1,6.2,1,0.1,,,,,,,,,,,,,,,,,,,,,,,,,0,,1,746.4,,,,,,,,,,,,,,,,24504022,,,,,,,,,,,2.67,0,,,,676,0,,,,3.118,,,0,,,,,media/A76277EA-13F6-4DEE-864D-2011ADA3581C.jpg|media/F346C5D3-BEB6-4B68-8118-D11BAE9F225B.mp4|media/B0B07F7E-B45A-4697-B231-A6742AF27DCD.jpg|media/5D465940-94FD-4530-95D8-C3FAA607B7D7.mp4|media/BF1EC93E-904A-4EC0-9819-CEF109B05161.jpg|media/DEA945F5-528D-442A-9D3A-69DA15382448.jpg|media/9D945F59-C354-4B60-A191-8E6DF8D0F355.jpg|media/77C5AD88-66E7-46F7-A24E-E441FF20CFBA.jpg
15745376219,"Sep 8, 2025, 9:51:30 PM",Afternoon Run,Run,"update made it to seattle and officially started training for my first half, but note to self never run on a treadmill again

Santa Barbara Half Marathon Plan (Week 1/9)",2566,5.23,,,FALSE,,HOKA Speedgoat 6,activities/16818793913.fit.gz,2566,2566,5235.5,2.05,2.04,0,0,0,0,0,0,,,,,,,,,,,,,,,,,,,,,,,,,0,,1,5234.5,,,,,,,,,,,,,,,,24504008,,,,,,,,,,,2.04,0,,,,,0,,,,,,,0,,,,,media/AD5C6995-19EA-4559-858C-B12BB672FE3C.jpg|media/0b971f40-bdbc-4ca8-a091-e6a37b5e512c.jpg|media/C2B9FF46-4464-4883-B39E-07DCF24ECD5C.jpg|media/241E6E8B-D6A3-45A9-9F97-2A60B27FEBF3.jpg
15746525732,"Sep 8, 2025, 11:36:01 PM",Afternoon Walk,Walk,eye spy mt. rainier,4516,5.03,,,FALSE,,,activities/15746525732.gpx,4516,3358,5037.9,10.68,1.5,41.1,34.8,83.4,106.9,13.8,0,,,,,,,,,,,,,,,,,,,,,,,,,0,,1,,,,,,,,,,,,,,,,,,,,,,,,,,,,1.116,69.7,,,,5254,0,,,,,,,0,,,,,media/CEC99B58-9CC2-4477-8070-A6216F7CD3FE.jpg
15757971111,"Sep 9, 2025, 10:30:38 PM",Afternoon Walk,Walk,if I die it‚Äôs from this wild blackberry,2576,2.07,,,FALSE,,,activities/15757971111.gpx,2576,1825,2072.3,4.347,1.136,7,7,6,10,5.8,0,,,,,,,,,,,,,,,,,,,,,,,,,0,,1,,,,,,,,,,,,,,,,,,,,,,,,,,,,0.804,0,,,,2736,0,,,,,,,0,,,,,media/BE8BE356-CD8D-40F7-AD65-77E35C30C02A.jpg|media/980E5E09-2C8D-47BB-9C3F-D2DE790547BF.jpg|media/1A363F2B-CC7B-4E96-8704-4549E5ADC045.jpg|media/0A88A073-4C51-44AF-A6D6-0DC626A632C9.jpg|media/72A2D1A0-DD7C-4FFA-902D-18F9A05BC970.jpg
15767004789,"Sep 10, 2025, 5:36:39 PM",Lunch Run,Run,,2031,4.83,,,FALSE,,HOKA Speedgoat 6,activities/15767004789.gpx,2031,1976,4832,5.94,2.445,41.3,56.6,85.1,107,16.8,-0.3,,,,,,,,,,,,,,,,,,,,,,,,,0,,1,4932,,,,,,,,,,,,,,,,24504008,,,,,,,,,,,2.379,35.1,,,,4876,0,,,,2.496,,,,,,,,media/67430CE7-CD83-4BB9-BB76-A1A83B6F50F2.jpg|media/34A6FE43-EDF3-40B5-AAF6-32689D56C5E4.jpg|media/D60B34A3-9737-4FD5-8B38-2E6B981ACC53.jpg|media/FE28C35F-BE45-4ABF-89C8-440E288EA0C8.jpg|media/c034e8de-4d3a-4758-a788-7a2b8087b1ba.jpg
15780863681,"Sep 11, 2025, 7:53:42 PM",Afternoon Hike,Hike,the hike back down,5071,6.67,,,FALSE,,,activities/15780863681.gpx,5071,4975,6678.5,5.043,1.342,0,519,1114.6,1638.8,3.7,-7.8,,,,,,,,,,,,,,,,,,,,,,,,,0,,1,,,,,,,,,,,,,,,,,,,,,,,,,,,,1.317,6678.5,,,,8572,0,,,,,,8572,0,,,,,media/E3130466-5774-462C-B59F-57E08ED6A91F.jpg|media/213A0C70-CA5D-4741-AA51-EACD5F7FB218.jpg|media/DC487878-F69E-4174-B60E-557835BD9D7E.mp4|media/27B46358-E1E0-4CED-9165-10359F6A4920.jpg|media/05E3FDC8-9440-4859-A4C5-E109DE38213C.jpg|media/4A1D9935-A6B3-487B-B3BC-6CC09772A52A.jpg|media/E961FBC0-B406-4669-ADA6-4BD1DACC4664.jpg
15813247416,"Sep 14, 2025, 6:58:10 PM",Afternoon Run,Run,,4283,9.66,,,FALSE,,,activities/15813247416.gpx,4283,4141,9662.4,4.8,2.333,56.7,50.8,1.9,17,14.1,0.1,,,,,,,,,,,,,,,,,,,,,,,,,0,,1,9790.8,,,,,,,,,,,,,,,,,,,,,,,,,,,2.256,1925.8,,,,10762,0,,,,2.364,,,,,,,,media/eb97825a-4b84-4015-bd37-1f0f2724d1a1.jpg
15837419570,"Sep 17, 2025, 12:08:48 AM",Afternoon Run,Run,,1811,4.83,,,FALSE,,HOKA Clifton 7,activities/15837419570.gpx,1811,1778,4836.6,5,2.72,18.7,19.3,6.3,12.9,7.7,0,,,,,,,,,,,,,,,,,,,,,,,,,0,,1,4862.5,,,,,,,,,,,,,,,,24504022,,,,,,,,,,,2.671,2746,,,,4734,0,,,,2.735,,,,,,,,media/3C4B54D9-C6F3-4D22-BA0F-E8847B446D7A.jpg|media/9A5EAF86-65F6-4AF7-93BC-0C34FD61A20A.jpg
15847686903,"Sep 17, 2025, 9:41:23 PM",Afternoon Run,Run,,1945,4.84,,,FALSE,,HOKA Clifton 7,activities/15847686903.gpx,1945,1840,4841.4,3.74,2.631,20.2,20.3,3.3,17,8.6,0,,,,,,,,,,,,,,,,,,,,,,,,,0,,1,4877.9,,,,,,,,,,,,,,,,24504022,,,,,,,,,,,2.489,1631.2,,,,4658,0,,,,2.651,,,0,,,,,
15870932892,"Sep 19, 2025, 5:07:05 PM",Afternoon Walk,Walk,welcome to New York,12239,6.61,,,FALSE,,,#error#,12239,5672,6610.7,5.367,1.165,656.2,679.4,2.4,87.8,49.9,-0.3,,,,,,,,,,,,,,,,,,,,,,,,,0,,1,,,,,,,,,,,,,,,,,,,,,,,,,,,,0.54,153.6,,,,,0,,,,,,,0,,,,,media/1CAF26B5-4BA2-4031-A168-5AE897AFF21F.jpg|media/100592D4-FBB4-44A3-93E7-FE02FDA37DBE.jpg|media/DC7ED9B1-5260-4743-BD87-B366E2B635BE.jpg|media/D9D7A96C-31D3-4737-8A83-02F0D736ACEA.jpg|media/723A738A-CDA8-41E9-9455-C3FA01D7712F.jpg
15882115417,"Sep 20, 2025, 8:16:11 PM",Evening Walk,Walk,walk around Central Park,1717,1.64,,,FALSE,,,activities/15882115417.gpx,1717,1592,1645.2,3.5,1.033,13.2,16.1,14.1,25,9,-0.2,,,,,,,,,,,,,,,,,,,,,,,,,0,,1,,,,,,,,,,,,,,,,,,,,,,,,,,,,0.958,0,,,,1902,0,,,,,,,0,,,,,media/5917A9B1-B5EA-4411-82AF-A64D4AF9F852.jpg|media/22B3270A-36CA-42B0-8E2C-F4D92381A3E5.mp4|media/57B5F9A4-5A8A-4EA5-AE9B-DF5818D2FD7D.jpg|media/180B7AB4-3AF2-4B6B-9F89-3325FA5D901E.jpg|media/6ED22E3F-C070-41A0-A183-E957645CE2A4.jpg
15882140876,"Sep 20, 2025, 7:54:16 PM",Afternoon Ride,Ride,portion of our beautiful bike ride around central park,1007,2.68,,,FALSE,,,#error#,1007,1007,2687.6,8.92,2.669,88.4,81.2,33,61,48.5,0.3,,,,,,,,,,,,,,,,,,,,,,,,,0,,1,,,,,,,,,,,,,,,,,,,,,,,,,,,,2.669,0,,,,,0,,,,,,,0,,,,,media/2120D287-5E33-4471-B39F-46631E00ECA0.jpg
15893609859,"Sep 21, 2025, 4:05:15 PM",NYC Walk,Walk,top to tip stroll down manhattan/casual food tour,25515,28.35,,,FALSE,,HOKA Speedgoat 6,activities/15893609859.gpx,25515,19242,28351.1,15.24,1.473,199.6,203.2,-0.4,76.6,48.5,0,,,,,,,,,,,,,,,,,,,,,,,,,0,,1,,,,,,,,,,,,,,,,,24504008,,,,,,,,,,,1.111,0,,,,33788,0,,,,,,,0,,,,,media/F7FE1FBE-712D-47DA-BFF9-8645BDF02601.jpg|media/134FA8F9-0F82-4D3D-8899-3829BD0E8B0C.jpg|media/49D1239A-0E6F-4530-B39C-444828BD665B.jpg|media/CCA8A78A-552F-4D14-A779-C6F1C43DB30B.jpg|media/AE1139F5-AD0A-48F0-AA62-9AFF1C5547F7.jpg|media/24FF6FC3-BC57-45A6-8168-1C450F6385E5.jpg|media/6A801843-26D3-4CC5-9665-B7FD53555817.jpg|media/B0630854-543E-4767-BE81-3EF65B865EE2.jpg|media/BEC53313-9B3A-4577-860A-38332403000B.jpg|media/7878B9EB-C2E6-4B2E-BC5A-18E788AD891F.jpg|media/EC0937B3-0474-4E1C-8F2E-0DEB7D58FD13.jpg|media/C78E17B0-D955-4158-8A26-3DF58821E412.jpg|media/314D82DD-8B7E-4CE2-9C1E-93F694E6B475.jpg|media/2A6F1780-8D71-46E1-B3B9-021320A3904E.jpg|media/5EFD8888-CFC7-4AFF-B449-C6BE01612382.jpg
15898700334,"Sep 22, 2025, 12:55:51 PM",Morning Run,Run,flatbush to williamsburg Brooklyn tour,4449,10.47,,,FALSE,,HOKA Speedgoat 6,activities/15898700334.gpx,4449,4371,10470.2,4.5,2.395,39.7,50.1,3.7,50.8,5.4,-0.1,,,,,,,,,,,,,,,,,,,,,,,,,0,,1,10492.8,,,,,,,,,,,,,,,,24504008,,,,,,,,,,,2.353,0,,,,10514,0,,,,2.401,,,0,,,,,media/A10490AD-40E2-4F9E-BEB8-5E8C36FA81F6.jpg|media/8A1621B2-25EA-4CB0-A4D6-B7D8090ADDD7.jpg|media/1C3E1947-A273-40D1-A93D-86A9B4FAF71D.jpg|media/CDED1ADA-ED1F-4802-B4B1-0B002C696E3C.jpg|media/6E7556AB-205E-4C4C-BD92-DAB1024867E1.jpg
15899724585,"Sep 22, 2025, 2:14:39 PM",Lunch Walk,Walk,walk around williamsburg,6563,5.31,,,FALSE,,,activities/15899724585.gpx,6563,4059,5314.6,6.22,1.309,20.6,18.1,3.2,15.6,10.1,0,,,,,,,,,,,,,,,,,,,,,,,,,0,,1,,,,,,,,,,,,,,,,,,,,,,,,,,,,0.81,0,,,,5252,0,,,,,,,,,,,,media/067B023D-323F-43E8-8346-96E677238397.jpg|media/F9894BFD-041E-4ADC-BCBA-A23411360828.jpg|media/1796D911-DD99-4DCE-B864-88D93F689141.jpg|media/26C774F6-29FD-40A6-878E-70E056AA758E.jpg|media/55B4FFFA-3915-4EE5-9741-E71E4E12B47A.jpg|media/547DEDEB-63D2-486D-8582-D9209ED5AA0F.jpg|media/05B9821F-16AB-4FD8-A871-5C409D51F435.jpg|media/78422EAA-01B6-43A2-BCA6-802BE5CFFC6F.jpg|media/4DCD6C1B-2B0F-43E1-93B8-421C2DC0C241.jpg
15933991886,"Sep 25, 2025, 4:22:31 PM",Back to School Run,Run,I‚Äôm so back,1886,4.84,,,FALSE,,,activities/15933991886.gpx,1886,1846,4842.3,6.04,2.623,15.9,18.1,6.3,12.9,8.5,0,,,,,,,,,,,,,,,,,,,,,,,,,0,,1,4863.6,,,,,,,,,,,,,,,,,,,,,,,,,,,2.567,2708.7,,,,4842,0,,,,2.635,,,,,,,,media/1C210840-74E0-4CA4-849E-875E943C6CF7.jpg
15957391899,"Sep 27, 2025, 7:03:03 PM",RWC Run,Run,fueled by jesus and fig pulling me,1961,4.93,,,FALSE,,,#error#,1961,1754,4937.9,4.24,2.815,15.4,14.3,3,13.6,4.8,0,,,,,,,,,,,,,,,,,,,,,,,,,0,,1,4957.2,,,,,,,,,,,,,,,,,,,,,,,,,,,2.518,1815.7,,,,,0,,,,2.826,,,0,,,,,
15969618483,"Sep 28, 2025, 7:11:25 PM",Afternoon Run,Run,we did it boys,4710,12.08,,,FALSE,,HOKA Clifton 7,activities/15969618483.gpx,4710,4696,12079.5,4.22,2.572,27.9,25.5,3.2,24.9,7.4,0,,,,,,,,,,,,,,,,,,,,,,,,,0,,1,12121.6,,,,,,,,,,,,,,,,24504022,,,,,,,,,,,2.565,0,,,,12234,0,,,,2.581,,,0,,,,,media/03B7C0C1-8000-4233-858C-15B1961CB0CA.jpg|media/886E46A1-C10C-4351-86AA-99059B55552F.jpg|media/AF1568D8-1153-4027-9989-CD54BEBEC9D7.jpg|media/89CC33E4-2E85-4C27-BAB3-AB3CFCE550DE.jpg
15993349936,"Oct 1, 2025, 12:14:54 AM",Afternoon Run,Run,you ever just hear the water in your stomach while you‚Äôre running,2077,5.56,,,FALSE,,HOKA Speedgoat 6,activities/15993349936.gpx,2077,2048,5568.3,8.5,2.719,19.5,19.6,6.3,12.9,8.8,0,,,,,,,,,,,,,,,,,,,,,,,,,0,,1,5595.8,,,,,,,,,,,,,,,,24504008,,,,,,,,,,,2.681,3348.7,,,,5152,0,,,,2.732,,,0,,,,,media/8580B165-2071-41EB-8E86-16ED276C6C39.jpg|media/8B667892-002E-4E2E-BFF8-2824C3BACDB9.jpg|media/0C68713A-EE09-4465-BFFC-91B2319591AF.jpg
16015829342,"Oct 3, 2025, 12:32:28 AM",Evening Run,Run,,1757,4.08,,,FALSE,,,activities/16015829342.gpx,1757,1742,4082.1,3.46,2.343,17.5,17.6,3,13.6,6.7,0,,,,,,,,,,,,,,,,,,,,,,,,,0,,1,4104.3,,,,,,,,,,,,,,,,,,,,,,,,,,,2.323,1427.4,,,,4420,0,,,,2.356,,,,,,,,media/4ED85F8E-7C55-4587-A825-803E814D3F00.jpg|media/587A989D-20FA-416B-A1ED-12638E7E0877.jpg|media/036185C9-319B-4521-B6BD-A1403996D99F.jpg|media/AA8B4F00-7194-41B8-9A7E-A3D949081A0C.jpg
16024395765,"Oct 3, 2025, 9:44:01 PM",Afternoon Run,Run,that was horrendous,3591,8.05,,,FALSE,,,activities/16024395765.gpx,3591,3495,8054.3,3.82,2.305,35.7,34.9,15.4,24.9,7.9,0,,,,,,,,,,,,,,,,,,,,,,,,,0,,1,8095.6,,,,,,,,,,,,,,,,,,,,,,,,,,,2.243,3095.6,,,,8934,0,,,,2.316,,,,,,,,media/E3EE4CFB-28E8-412E-806E-B62A8DA4794F.jpg
16081120565,"Oct 9, 2025, 1:17:47 AM",Evening Run,Run,fam run,1971,4.87,,,FALSE,,HOKA Clifton 7,activities/16081120565.gpx,1971,1959,4874.5,5.1,2.488,37.6,38.8,3.3,15.7,15.8,0,,,,,,,,,,,,,,,,,,,,,,,,,0,,1,4978.7,,,,,,,,,,,,,,,,24504022,,,,,,,,,,,2.473,3947.1,,,,4844,0,,,,2.541,,,,,,,,media/DF9498F2-8866-4932-8E91-2377D813CE37.mp4|media/7D56AEBC-E4BE-4855-BC63-22E5FDAA1A5B.jpg|media/A8344093-604D-4AA7-A59A-826789BE2EAA.jpg|media/BBCAAB50-94FA-4B47-BD55-71E898E4A5A7.jpg
16120306505,"Oct 11, 2025, 11:07:16 PM",Hike to Vernal Falls,Hike,üî•üî•üî•,9567,8.7,,,FALSE,,HOKA Speedgoat 6,#error#,9567,7990,8708.3,8.51,1.09,272.2,275.3,1215.7,1456.9,49.3,0,,,,,,,,,,,,,,,,,,,,,,,,,0,,1,,,,,,,,,,,,,,,,,24504008,,,,,,,,,,,0.91,5345.8,,,,,0,,,,,,,0,,,,,media/971C097D-C1F0-4D2F-BDA9-0CADCEFC41B1.jpg|media/58D2C658-557D-4203-BD46-138CE210353F.jpg|media/149DB8ED-E35A-48AF-BC38-3403665E0257.jpg
16122814977,"Oct 12, 2025, 10:52:07 PM",Afternoon Run,Run,W/ [strava://athletes/76514917/7]Renee S,6027,14.51,,,FALSE,,,activities/16122814977.gpx,6027,5903,14510.2,8.28,2.458,129.5,142,52.7,119.5,13.6,-0.1,,,,,,,,,,,,,,,,,,,,,,,,,0,,1,14723.2,,,,,,,,,,,,,,,,,,,,,,,,,,,2.408,1154.7,,,,15606,0,,,,2.494,,,0,,,,,media/B5801689-A3FC-4319-AECA-A1CDB54301F4.jpg
16144199819,"Oct 15, 2025, 12:38:00 AM",Evening Run,Run,,1652,4.83,,,FALSE,,HOKA Speedgoat 6,activities/16144199819.gpx,1652,1651,4830.5,6.06,2.926,18.2,19.7,6.3,12.9,21.9,0,,,,,,,,,,,,,,,,,,,,,,,,,0,,1,4858.3,,,,,,,,,,,,,,,,24504008,,,,,,,,,,,2.924,2702.7,,,,4512,0,,,,2.943,,,,,,,,media/10803E13-7F20-44F2-9767-B5D95267485B.jpg
16175234327,"Oct 18, 2025, 12:23:30 AM",Evening Run,Run,"running on your period sucks, but shoutout Abby for motivating me",3240,8.18,,,FALSE,,,activities/16175234327.gpx,3240,3240,8185.7,4.66,2.526,48.1,47.5,3,18.5,12.1,0,,,,,,,,,,,,,,,,,,,,,,,,,0,,1,8248.5,,,,,,,,,,,,,,,,,,,,,,,,,,,2.526,3334.9,,,,8642,0,,,,2.546,,,0,,,,,media/FD78EF0A-2226-4524-9708-B2E4DB4F3ACF.jpg|media/1B0E3555-1A3D-4520-A0A8-69C851F33307.jpg|media/A0739D4C-314A-4666-A3F6-907C99307010.mp4
16184093956,"Oct 18, 2025, 6:54:46 PM",RWC Walk,Walk,,2516,3.29,,,FALSE,,,activities/16184093956.gpx,2516,2516,3289.9,2.3,1.308,3.4,3.1,8.4,12.1,3.6,0,,,,,,,,,,,,,,,,,,,,,,,,,0,,1,,,,,,,,,,,,,,,,,,,,,,,,,,,,1.308,2219.7,,,,4808,0,,,,,,,0,,,,,
16217184816,"Oct 21, 2025, 11:54:54 PM",Afternoon Run,Run,,2098,5.43,,,FALSE,,HOKA Clifton 7,activities/16217184816.gpx,2098,2094,5436.4,5.6,2.596,20.5,20.8,3,10.3,13,0,,,,,,,,,,,,,,,,,,,,,,,,,0,,1,5464.1,,,,,,,,,,,,,,,,24504022,,,,,,,,,,,2.591,0,,,,5560,0,,,,2.609,,,0,,,,,media/1E0F46FF-F35F-4614-A2F9-80C4E5D667CC.jpg
16237114190,"Oct 23, 2025, 11:28:22 PM",Afternoon Walk,Walk,Appfolio dog and I went on a little walk bc we both needed some sun,1565,1.77,,,FALSE,,,activities/16237114190.gpx,1565,1480,1769.7,2.46,1.196,5.8,6.1,9.3,15.6,10.1,0,,,,,,,,,,,,,,,,,,,,,,,,,0,,1,,,,,,,,,,,,,,,,,,,,,,,,,,,,1.131,714.8,,,,2332,0,,,,,,,0,,,,,media/4DB40A7A-854B-42D1-BA18-1AEC619507F3.jpg|media/E32BBC05-CDFA-4545-9F14-F8BDB47D9B79.jpg|media/1CAB76DB-CD09-4F81-A595-87B7AF4A7015.jpg|media/EFC4D333-2CE0-411C-85CD-5C76CEF1EE4A.jpg|media/A7B40EBD-1791-41AD-834D-79155D2D2EC2.jpg